Deployment Level,Mach,Cd
0.1,0.2,0.015611987300168727
0.2,0.4,0.004510129664493189
0.3,0.6,0.0023514351242229447
0.4,0.8,0.0015828820457115516
